mean_x,std_x,min_x,max_x,mean_y,std_y,min_y,max_y,mean_z,std_z,min_z,max_z,label
-0.045256707490195384,0.9875270456945128,-3.046143054799926,2.759355114021582,0.01361694031616356,0.9686444271811451,-2.994612860227619,3.1709747732901796,-0.5122856366567222,9.54594268841244,-31.16856591599126,29.290962417638617,A
0.038812476159601844,0.9814950041825602,-3.053764380426305,3.958602704037963,0.02732544339457804,1.03055283351727,-3.1533574501910486,3.432663431795559,-0.22168571602133416,9.721093061556816,-30.641413561051007,37.40248903704589,A
-0.04784993519517786,1.0048745068835931,-2.6594494563834883,4.108692623805201,-0.01070491488285701,0.9746954664544426,-3.326870107456545,3.3106800582477436,0.16827391409261805,10.321980161789876,-28.64217329210248,35.76968309232483,A
0.02841563239156949,6.838867742909203,-20.73669933035764,19.50965879357259,0.030312777935266013,6.85948268562737,-20.15594242468177,21.15911685177483,9.793837171140005,0.617156647982893,-0.12772250124647,19.50506046193028,B
-0.05774181486834095,6.860705832027875,-16.56762655913143,15.55416505278833,0.09526676804424074,6.799883234909644,-10.16304106901314,18.02052783501905,9.79365658406495,0.6151601118083662,0.03686013954011,19.95279603199542,B
-0.08861692893446525,6.956034402309233,-23.44578329764968,19.80625344877704,-0.014892178008754626,6.8792552492886365,-24.88328283287448,18.74690735891277,9.797783652317015,0.8041645282655122,0.72452259079502,17.58744957181516,B
